{
  "name": "main_job",
  "email_notifications": {
    "no_alert_for_skipped_runs": false
  },
  "webhook_notifications": {},
  "timeout_seconds": 0,
  "max_concurrent_runs": 1,
  "tasks": [
    {
      "task_key": "main_job_task1",
      "run_if": "ALL_SUCCESS",
      "notebook_task": {
        "notebook_path": "/Users/iriscloudone@outlook.com/notebook",
        "source": "WORKSPACE"
      },
      "existing_cluster_id": "0319-030839-4h3a08vq",
      "timeout_seconds": 0,
      "email_notifications": {}
    }
  ],
  "queue": {
    "enabled": true
  },
  "run_as": {
    "user_name": "iriscloudone@outlook.com"
  }
}